15:26,YI,6.71,7.35,7.26,7.15,7,9349
15:26,PIH,5.031,5.2,5.2,5.11,5.2,1302
15:26,PIHPP,24.5,24.5,24.5,25,24.5,1000
15:26,TURN,1.88,1.945,1.9,1.91,1.912,23912
15:26,FLWS,18.34,18.74,18.4,18.49,18.595,221335
15:26,BCOW,9.68,9.68,9.61,9.8,9.68,478
15:26,FCCY,18.26,18.375,18.36,18.31,18.31,3
15:26,SRCE,45.74,46.62,46.24,46.4,45.87,47641
15:26,VNET,7.32,7.77,7.71,7.72,7.345,397944
15:26,TWOU,64.29,67.41,67.41,67.67,66.88,957947
15:26,QFIN,16.02,16.99,16.99,16.97,16.93,34008
15:26,TPNL,7.05,7.39,7.14,7.16,7.37,122477
15:26,JOBS,87.27,88.115,87.6,87.89,87.475,79931
15:26,JFKKU,10.06,10.06,10.06,10.04,10.06,10000
15:26,EGHT,20.42,20.785,20.46,20.51,20.67,270974
15:26,AAON,44.69,45.61,45.61,45.73,45.07,82303
15:26,ABEO,7.27,7.61,7.55,7.59,7.37,136052
15:26,ABEOW,,,3.55,3.55,3.07,62
15:26,ABIL,1.68,1.72,1.71,1.69,1.7,21415
15:26,ABMD,281.19,284.41,281.53,282.95,283.01,227458
15:26,AXAS,1.37,1.48,1.47,1.45,1.45,927184
15:26,ACIU,4.93,5.05,5.05,5.02,4.89,152896
15:26,ACIA,57.72,58.89,57.87,57.93,58.2,388280
15:26,ACTG,3.16,3.28,3.25,3.29,3.17,40917
15:26,ACHC,29.921,30.61,30.31,30.4,29.96,435060
15:26,ACAD,26.59,27.395,26.99,27.07,26.835,619456
15:26,ACAMU,10.01,10.01,10,10.01,10.01,4300
15:26,ACST,0.92,0.96,0.96,0.971,0.922,119702
15:26,AXDX,17.831,18.875,18.63,18.6,17.985,117103
15:26,XLRN,44.3,45.775,45.46,45.67,44.345,241709
15:26,ARAY,4.46,4.59,4.59,4.59,4.52,213955
15:26,ACRX,3.35,3.43,3.41,3.42,3.385,1258982
15:26,ACER,23.61,24.13,23.85,23.92,23.96,22854
15:26,ACET,0.133,0.165,0.159,0.1345,0.1345,6809167
15:26,AKAO,0.48,0.535,0.48,0.52,0.5296,1175000
15:26,ACHV,3.7,3.85,3.77,3.77,3.76,115949
15:26,ACHN,3.135,3.26,3.2,3.21,3.145,673663
15:26,ACIW,33.93,34.31,33.93,34.14,34.085,169833
15:26,ACRS,6.497,6.67,6.67,6.67,6.52,185241
15:26,ACMR,15.1,15.72,15.46,15.54,15.14,28703
15:26,ACNB,37.56,38.23,37.95,37.7,37.56,9067
15:26,ACOR,12.48,12.88,12.73,12.79,12.595,285473
15:26,ATVI,46.854,47.65,47.19,47.57,46.95,2966936
15:26,ADMS,6.64,6.96,6.79,6.81,6.675,303283
15:26,ADMP,1.98,2.02,2.02,2,1.99,198020
15:26,ADAP,4.68,4.99,4.99,4.97,4.695,139940
15:26,ADUS,64.41,66.96,65.38,65.51,65.5,49535
15:26,AEY,1.37,1.37,1.37,1.37,1.37,105
15:26,IOTS,6.17,6.38,6.29,6.31,6.17,39382
15:27,YI,6.71,7.35,7.26,7.15,7,9349
15:27,PIH,5.031,5.2,5.2,5.11,5.2,1302
15:27,PIHPP,24.5,24.5,24.5,25,24.5,1000
15:27,TURN,1.88,1.945,1.9,1.91,1.912,23912
15:27,FLWS,18.34,18.74,18.4,18.49,18.595,221335
15:27,BCOW,9.68,9.68,9.61,9.8,9.68,478
15:27,FCCY,18.26,18.375,18.36,18.31,18.31,3
15:27,SRCE,45.74,46.62,46.24,46.4,45.87,51447
15:27,VNET,7.32,7.77,7.71,7.72,7.345,397944
15:27,TWOU,64.29,67.41,67.41,67.67,66.88,961408
15:27,QFIN,16.02,16.99,16.99,16.97,16.93,34008
15:27,TPNL,7.05,7.39,7.14,7.16,7.37,122477
15:27,JOBS,87.27,88.115,87.6,87.89,87.475,79931
15:27,JFKKU,10.06,10.06,10.06,10.04,10.06,10000
15:27,EGHT,20.42,20.785,20.46,20.51,20.67,272505
15:27,AAON,44.69,45.61,45.61,45.73,45.07,85390
15:27,ABEO,7.27,7.61,7.55,7.59,7.37,136937
15:27,ABEOW,,,3.55,3.55,3.07,62
15:27,ABIL,1.68,1.72,1.71,1.69,1.7,21415
15:27,ABMD,281.19,284.41,281.53,282.95,283.01,227458
15:27,AXAS,1.37,1.48,1.47,1.45,1.45,927184
15:27,ACIU,4.93,5.05,5.05,5.02,4.89,153438
15:27,ACIA,57.72,58.89,57.87,57.93,58.2,388280
15:27,ACTG,3.16,3.28,3.25,3.29,3.17,40917
15:27,ACHC,29.921,30.61,30.31,30.4,29.96,435600
15:27,ACAD,26.59,27.395,26.99,27.07,26.8,620341
15:27,ACAMU,10.01,10.01,10,10.01,10.01,4300
15:27,ACST,0.92,0.96,0.96,0.971,0.922,119702
15:27,AXDX,17.831,18.875,18.63,18.6,17.985,117103
15:27,XLRN,44.3,45.775,45.46,45.67,44.345,241709
15:27,ARAY,4.46,4.59,4.59,4.59,4.52,214374
15:27,ACRX,3.35,3.43,3.41,3.42,3.38,1269912
15:27,ACER,23.61,24.13,23.85,23.92,23.96,22854
15:27,ACET,0.133,0.165,0.159,0.1345,0.1345,6809167
15:28,YI,6.71,7.35,7.26,7.15,7,9349
15:28,PIH,5.031,5.2,5.2,5.11,5.18,1402
15:28,PIHPP,24.5,24.5,24.5,25,24.5,1000
15:28,TURN,1.88,1.945,1.9,1.91,1.912,23912
15:28,FLWS,18.34,18.74,18.4,18.49,18.595,221335
15:28,BCOW,9.68,9.68,9.61,9.8,9.68,478
15:28,FCCY,18.26,18.375,18.36,18.31,18.31,3
15:28,SRCE,45.74,46.62,46.24,46.4,45.87,51447
15:28,VNET,7.32,7.77,7.71,7.72,7.345,398905
15:28,TWOU,64.29,67.41,67.41,67.67,66.88,961408
15:28,QFIN,16.02,16.99,16.99,16.97,16.93,34008
15:28,TPNL,7.05,7.39,7.14,7.16,7.37,126626
15:28,JOBS,87.27,88.115,87.6,87.89,87.475,79931
15:28,JFKKU,10.06,10.06,10.06,10.04,10.06,10000
15:28,EGHT,20.42,20.785,20.46,20.51,20.64,274744
15:28,AAON,44.69,45.61,45.61,45.73,45.07,86868
15:28,ABEO,7.27,7.61,7.55,7.59,7.37,137326
15:28,ABEOW,,,3.55,3.55,3.07,62
15:28,ABIL,1.68,1.72,1.71,1.69,1.7,21415
15:28,ABMD,281.19,284.41,281.53,282.95,283.01,231060
15:28,AXAS,1.37,1.48,1.47,1.45,1.445,928224
15:28,ACIU,4.93,5.05,5.05,5.02,4.89,153619
15:28,ACIA,57.72,58.89,57.87,57.93,58.2,392515
15:28,ACTG,3.16,3.28,3.25,3.29,3.17,40917
15:28,ACHC,29.921,30.61,30.31,30.4,29.97,437794
15:28,ACAD,26.59,27.395,26.99,27.07,26.82,626276
15:28,ACAMU,10.01,10.01,10,10.01,10.01,4300
15:29,YI,6.71,7.35,7.26,7.15,7,9349
15:29,PIH,5.031,5.2,5.2,5.11,5.18,1402
15:29,PIHPP,24.5,24.5,24.5,25,24.5,1000
15:29,TURN,1.88,1.945,1.9,1.91,1.912,23912
15:29,FLWS,18.34,18.74,18.4,18.49,18.595,222954
15:29,BCOW,9.68,9.68,9.61,9.8,9.68,478
15:29,FCCY,18.26,18.375,18.36,18.31,18.31,3
15:29,SRCE,45.74,46.62,46.24,46.4,45.85,51447
15:29,VNET,7.32,7.77,7.71,7.72,7.345,399613
15:29,TWOU,64.29,67.41,67.41,67.67,66.88,968536
15:29,QFIN,16.02,16.99,16.99,16.97,16.93,34008
15:29,TPNL,7.05,7.39,7.14,7.16,7.37,126626
15:29,JOBS,87.27,88.115,87.6,87.89,87.5,80237
15:29,JFKKU,10.06,10.06,10.06,10.04,10.06,10000
15:29,EGHT,20.42,20.785,20.46,20.51,20.64,276105
15:29,AAON,44.69,45.61,45.61,45.73,45.09,86868
15:29,ABEO,7.27,7.61,7.55,7.59,7.34,148642
15:29,ABEOW,,,3.55,3.55,3.07,62
15:29,ABIL,1.68,1.72,1.71,1.69,1.7,21415
15:29,ABMD,281.19,284.41,281.53,282.95,283.01,231060
15:29,AXAS,1.37,1.48,1.47,1.45,1.445,941235
15:29,ACIU,4.93,5.05,5.05,5.02,4.89,153619
15:29,ACIA,57.72,58.89,57.87,57.93,58.2,392515
15:29,ACTG,3.16,3.28,3.25,3.29,3.17,40917
15:29,ACHC,29.921,30.61,30.31,30.4,29.99,439495
15:29,ACAD,26.59,27.395,26.99,27.07,26.83,626915
15:29,ACAMU,10.01,10.01,10,10.01,10.01,4300
15:29,ACST,0.92,0.96,0.96,0.971,0.922,119707
15:29,AXDX,17.831,18.875,18.63,18.6,17.985,122244
15:29,XLRN,44.3,45.775,45.46,45.67,44.345,247174
15:29,ARAY,4.46,4.59,4.59,4.59,4.52,214515
15:29,ACRX,3.35,3.43,3.41,3.42,3.38,1271412
15:29,ACER,23.61,24.29,23.85,23.92,24.2,23336
15:29,ACET,0.133,0.165,0.159,0.1345,0.1345,6809167
15:29,AKAO,0.48,0.535,0.48,0.52,0.5296,1179251
15:29,ACHV,3.7,3.85,3.77,3.77,3.76,117791
15:29,ACHN,3.135,3.26,3.2,3.21,3.135,676200
15:29,ACIW,33.93,34.31,33.93,34.14,34.04,171992
15:29,ACRS,6.497,6.67,6.67,6.67,6.52,186041
15:29,ACMR,15.1,15.72,15.46,15.54,15.14,28703
15:29,ACNB,37.56,38.23,37.95,37.7,37.56,9067
15:29,ACOR,12.48,12.88,12.73,12.79,12.61,289622
15:29,ATVI,46.854,47.65,47.19,47.57,46.93,2986791
15:29,ADMS,6.64,6.96,6.79,6.81,6.67,311633
15:29,ADMP,1.98,2.02,2.02,2,2,198020
15:29,ADAP,4.68,4.99,4.99,4.97,4.69,141111
15:29,ADUS,64.41,66.96,65.38,65.51,65.5,49535
15:29,AEY,1.37,1.37,1.37,1.37,1.37,105
15:29,IOTS,6.17,6.38,6.29,6.31,6.17,39382
15:29,ADIL,2.91,3.023,2.99,2.98,2.96,34483
15:29,ADILW,0.4,0.4,0.4,0.4,0.4,3000
15:29,ADMA,5,5.19,5.1,5.14,5.04,381097
15:29,ADBE,266.8,269.99,267.12,268.81,268.74,1149874
15:29,ADOM,0.3601,0.4,0.4,0.335,0.374,508475
15:29,ADTN,14.1,14.64,14.15,14.19,14.28,401408
15:29,ADRO,3.95,4.1,4.07,4.08,3.935,94468
15:30,YI,6.71,7.35,7.26,7.15,7,9349
15:30,PIH,5.031,5.2,5.2,5.11,5.18,1402
15:30,PIHPP,24.5,24.5,24.5,25,24.5,1000
15:30,TURN,1.88,1.945,1.9,1.91,1.912,23912
15:30,FLWS,18.34,18.74,18.4,18.49,18.595,224787
15:30,BCOW,9.68,9.68,9.61,9.8,9.68,478
15:30,FCCY,18.26,18.375,18.36,18.31,18.31,3
15:30,SRCE,45.74,46.62,46.24,46.4,45.82,51447
15:30,VNET,7.32,7.77,7.71,7.72,7.36,401198
15:30,TWOU,64.29,67.41,67.41,67.67,66.97,974185
15:30,QFIN,16.02,16.99,16.99,16.97,16.93,34008
15:30,TPNL,7.05,7.39,7.14,7.16,7.37,126626
15:30,JOBS,87.27,88.115,87.6,87.89,87.5,80237
15:30,JFKKU,10.06,10.06,10.06,10.04,10.06,10000
15:30,EGHT,20.42,20.785,20.46,20.51,20.64,276105
15:30,AAON,44.69,45.61,45.61,45.73,45.05,86868
15:30,ABEO,7.27,7.61,7.55,7.59,7.37,150430
15:30,ABEOW,,,3.55,3.55,3.07,62
15:30,ABIL,1.68,1.72,1.71,1.69,1.7,21415
15:30,ABMD,281.19,284.41,281.53,282.95,283.01,231718
15:30,AXAS,1.37,1.48,1.47,1.45,1.44,967721
15:30,ACIU,4.93,5.05,5.05,5.02,4.89,153619
15:30,ACIA,57.72,58.89,57.87,57.93,58.2,392515
15:30,ACTG,3.16,3.28,3.25,3.29,3.17,40917
15:30,ACHC,29.921,30.61,30.31,30.4,29.97,441121
15:30,ACAD,26.59,27.395,26.99,27.07,26.81,627623
15:30,ACAMU,10.01,10.01,10,10.01,10.01,4300
15:30,ACST,0.92,0.96,0.96,0.971,0.922,119707
15:30,AXDX,17.831,18.875,18.63,18.6,17.985,122244
15:30,XLRN,44.3,45.775,45.46,45.67,44.25,247789
15:30,ARAY,4.46,4.59,4.59,4.59,4.52,215007
15:30,ACRX,3.35,3.43,3.41,3.42,3.38,1271412
15:30,ACER,23.61,24.29,23.85,23.92,24.13,23669
15:30,ACET,0.133,0.165,0.159,0.1345,0.1345,6809167
15:30,AKAO,0.48,0.535,0.48,0.52,0.5295,1201853
15:30,ACHV,3.7,3.85,3.77,3.77,3.76,117791
15:30,ACHN,3.135,3.26,3.2,3.21,3.135,676200
15:30,ACIW,33.93,34.31,33.93,34.14,34.04,172550
15:30,ACRS,6.497,6.67,6.67,6.67,6.52,186309
15:30,ACMR,15.1,15.72,15.46,15.54,15.14,28703
15:30,ACNB,37.56,38.23,37.95,37.7,37.56,9067
15:31,YI,6.71,7.35,7.26,7.15,7,9349
15:31,PIH,5.031,5.2,5.2,5.11,5.18,1402
15:31,PIHPP,24.5,24.5,24.5,25,24.5,1000
15:31,TURN,1.88,1.945,1.9,1.91,1.912,23912
15:31,FLWS,18.34,18.74,18.4,18.49,18.595,225491
15:31,BCOW,9.68,9.68,9.61,9.8,9.68,478
15:31,FCCY,18.26,18.375,18.36,18.31,18.31,3
15:31,SRCE,45.74,46.62,46.24,46.4,45.82,53577
15:31,VNET,7.32,7.77,7.71,7.72,7.36,401198
15:31,TWOU,64.29,67.41,67.41,67.67,66.97,974185
15:31,QFIN,16.02,16.99,16.99,16.97,16.93,34008
15:31,TPNL,7.05,7.39,7.14,7.16,7.37,126626
15:31,JOBS,87.27,88.115,87.6,87.89,87.5,80237
15:31,JFKKU,10.06,10.06,10.06,10.04,10.06,10000
15:31,EGHT,20.42,20.785,20.46,20.51,20.66,277952
15:31,AAON,44.69,45.61,45.61,45.73,44.99,87372
15:31,ABEO,7.27,7.61,7.55,7.59,7.37,151268
15:31,ABEOW,,,3.55,3.55,3.07,62
15:31,ABIL,1.68,1.72,1.71,1.69,1.707,21915
15:31,ABMD,281.19,284.41,281.53,282.95,283.01,237224
15:31,AXAS,1.37,1.48,1.47,1.45,1.43,1002506
15:31,ACIU,4.93,5.05,5.05,5.02,4.89,153619
15:31,ACIA,57.72,58.89,57.87,57.93,58.01,396946
15:31,ACTG,3.16,3.28,3.25,3.29,3.17,40917
15:31,ACHC,29.921,30.61,30.31,30.4,29.985,442325
15:31,ACAD,26.59,27.395,26.99,27.07,26.835,630827
15:31,ACAMU,10.01,10.01,10,10.01,10.01,4300
15:31,ACST,0.92,0.96,0.96,0.971,0.922,119707
15:31,AXDX,17.831,18.875,18.63,18.6,17.985,122783
15:31,XLRN,44.3,45.775,45.46,45.67,44.21,248650
15:31,ARAY,4.46,4.59,4.59,4.59,4.52,215007
15:31,ACRX,3.35,3.43,3.41,3.42,3.38,1272163
15:31,ACER,23.61,24.29,23.85,23.92,24.13,23669
15:31,ACET,0.133,0.165,0.159,0.1345,0.1345,6809167
15:31,AKAO,0.48,0.535,0.48,0.52,0.5295,1201853
15:31,ACHV,3.7,3.85,3.77,3.77,3.76,117791
15:31,ACHN,3.135,3.26,3.2,3.21,3.135,682213
15:31,ACIW,33.93,34.31,33.93,34.14,34.05,173390
15:31,ACRS,6.497,6.67,6.67,6.67,6.46,191113
15:31,ACMR,15.1,15.72,15.46,15.54,15.125,28973
15:31,ACNB,37.56,38.23,37.95,37.7,37.56,9067
15:31,ACOR,12.48,12.88,12.73,12.79,12.61,294205
15:31,ATVI,46.854,47.65,47.19,47.57,46.955,3012007
15:31,ADMS,6.64,6.96,6.79,6.81,6.66,316978
15:31,ADMP,1.98,2.02,2.02,2,2,202020
15:32,YI,6.71,7.35,7.26,7.15,7,9349
15:32,PIH,5.031,5.2,5.2,5.11,5.18,1402
15:32,PIHPP,24.5,24.5,24.5,25,24.5,1000
15:32,TURN,1.88,1.945,1.9,1.91,1.912,23912
15:32,FLWS,18.34,18.74,18.4,18.49,18.595,225876
15:32,BCOW,9.68,9.68,9.61,9.8,9.68,478
15:32,FCCY,18.26,18.375,18.36,18.31,18.31,3
15:32,SRCE,45.74,46.62,46.24,46.4,45.82,53577
15:32,VNET,7.32,7.77,7.71,7.72,7.35,404037
15:32,TWOU,64.29,67.41,67.41,67.67,66.87,979310
15:32,QFIN,16.02,16.99,16.99,16.97,16.896,35082
15:32,TPNL,7.05,7.39,7.14,7.16,7.37,126626
15:32,JOBS,87.27,88.115,87.6,87.89,87.5,80237
15:32,JFKKU,10.06,10.06,10.06,10.04,10.06,10000
15:32,EGHT,20.42,20.785,20.46,20.51,20.66,277952
15:32,AAON,44.69,45.61,45.61,45.73,45,87372
15:32,ABEO,7.27,7.61,7.55,7.59,7.37,151480
15:32,ABEOW,,,3.55,3.55,3.07,62
15:32,ABIL,1.68,1.72,1.71,1.69,1.707,21915
15:32,ABMD,281.19,284.41,281.53,282.95,283.01,237521
15:32,AXAS,1.37,1.48,1.47,1.45,1.43,1002506
15:32,ACIU,4.93,5.05,5.05,5.02,4.89,153619
15:32,ACIA,57.72,58.89,57.87,57.93,58.01,399437
15:32,ACTG,3.16,3.28,3.25,3.29,3.17,40917
15:32,ACHC,29.921,30.61,30.31,30.4,29.965,443301
15:32,ACAD,26.59,27.395,26.99,27.07,26.83,632011
15:32,ACAMU,10.01,10.01,10,10.01,10.01,4300
15:32,ACST,0.92,0.96,0.96,0.971,0.9267,124707
15:32,AXDX,17.831,18.875,18.63,18.6,17.91,123099
15:32,XLRN,44.3,45.775,45.46,45.67,44.21,248650
15:32,ARAY,4.46,4.59,4.59,4.59,4.515,215556
15:32,ACRX,3.35,3.43,3.41,3.42,3.38,1272163
15:32,ACER,23.61,24.29,23.85,23.92,24.166,23669
15:33,YI,6.71,7.35,7.26,7.15,6.965,9899
15:33,PIH,5.031,5.2,5.2,5.11,5.18,1402
15:33,PIHPP,24.5,24.5,24.5,25,24.5,1000
15:33,TURN,1.88,1.945,1.9,1.91,1.912,23912
15:33,FLWS,18.34,18.74,18.4,18.49,18.595,225876
15:33,BCOW,9.68,9.68,9.61,9.8,9.68,478
15:33,FCCY,18.26,18.375,18.36,18.31,18.31,3
15:33,SRCE,45.74,46.62,46.24,46.4,45.82,53577
15:33,VNET,7.32,7.77,7.71,7.72,7.35,404627
15:33,TWOU,64.29,67.41,67.41,67.67,66.9,983189
15:33,QFIN,16.02,16.99,16.99,16.97,16.896,35082
15:33,TPNL,7.05,7.39,7.14,7.16,7.37,126626
15:33,JOBS,87.27,88.115,87.6,87.89,87.5,80237
15:33,JFKKU,10.06,10.06,10.06,10.04,10.06,10000
15:33,EGHT,20.42,20.785,20.46,20.51,20.66,279130
15:33,AAON,44.69,45.61,45.61,45.73,45,88079
15:33,ABEO,7.27,7.61,7.55,7.59,7.37,151522
15:33,ABEOW,,,3.55,3.55,3.07,62
15:33,ABIL,1.68,1.72,1.71,1.69,1.707,21915
15:33,ABMD,281.19,284.41,281.53,282.95,282.96,237813
15:33,AXAS,1.37,1.48,1.47,1.45,1.43,1002506
15:33,ACIU,4.93,5.05,5.05,5.02,4.89,153619
15:33,ACIA,57.72,58.89,57.87,57.93,58.01,399610
15:33,ACTG,3.16,3.28,3.25,3.29,3.17,40917
15:33,ACHC,29.921,30.61,30.31,30.4,29.965,443898
15:33,ACAD,26.59,27.395,26.99,27.07,26.83,633061
15:33,ACAMU,10.01,10.01,10,10.01,10.01,4300
15:33,ACST,0.92,0.96,0.96,0.971,0.9267,124707
15:33,AXDX,17.831,18.875,18.63,18.6,17.91,123099
15:33,XLRN,44.3,45.775,45.46,45.67,44.21,248650
15:33,ARAY,4.46,4.59,4.59,4.59,4.515,216661
15:33,ACRX,3.35,3.43,3.41,3.42,3.38,1272163
15:33,ACER,23.61,24.29,23.85,23.92,24.2,23669
15:33,ACET,0.133,0.165,0.159,0.1345,0.1345,6809167
15:34,YI,6.71,7.35,7.26,7.15,6.965,9899
15:34,PIH,5.031,5.2,5.2,5.11,5.18,1402
15:34,PIHPP,24.5,24.5,24.5,25,24.5,1000
15:34,TURN,1.88,1.945,1.9,1.91,1.912,23912
15:34,FLWS,18.34,18.74,18.4,18.49,18.6,226403
15:34,BCOW,9.68,9.68,9.61,9.8,9.68,478
15:34,FCCY,18.26,18.375,18.36,18.31,18.31,3
15:34,SRCE,45.74,46.62,46.24,46.4,45.81,53577
15:34,VNET,7.32,7.77,7.71,7.72,7.37,404936
15:34,TWOU,64.29,67.41,67.41,67.67,66.9,983189
15:34,QFIN,16.02,16.99,16.99,16.97,16.896,35082
15:34,TPNL,7.05,7.39,7.14,7.16,7.37,126626
15:34,JOBS,87.27,88.115,87.6,87.89,87.75,80754
15:34,JFKKU,10.06,10.06,10.06,10.04,10.06,10000
15:34,EGHT,20.42,20.785,20.46,20.51,20.66,280534
15:34,AAON,44.69,45.61,45.61,45.73,45,88119
15:34,ABEO,7.27,7.61,7.55,7.59,7.37,151946
15:34,ABEOW,,,3.55,3.55,3.07,62
15:34,ABIL,1.68,1.72,1.71,1.69,1.707,21915
15:34,ABMD,281.19,284.41,281.53,282.95,282.96,238107
15:34,AXAS,1.37,1.48,1.47,1.45,1.43,1002506
15:34,ACIU,4.93,5.05,5.05,5.02,4.89,153619
15:34,ACIA,57.72,58.89,57.87,57.93,58.01,400738
15:34,ACTG,3.16,3.28,3.25,3.29,3.17,40917
15:34,ACHC,29.921,30.61,30.31,30.4,29.98,443993
15:34,ACAD,26.59,27.395,26.99,27.07,26.8,640401
15:34,ACAMU,10.01,10.01,10,10.01,10.01,4300
15:34,ACST,0.92,0.96,0.96,0.971,0.9267,124712
15:34,AXDX,17.831,18.875,18.63,18.6,17.91,123099
15:34,XLRN,44.3,45.775,45.46,45.67,44.21,248650
15:34,ARAY,4.46,4.59,4.59,4.59,4.515,216661
15:34,ACRX,3.35,3.43,3.41,3.42,3.38,1272915
15:34,ACER,23.61,24.29,23.85,23.92,24.206,23669
15:34,ACET,0.133,0.165,0.159,0.1345,0.1345,6809167
15:34,AKAO,0.48,0.535,0.48,0.52,0.5298,1205515
15:34,ACHV,3.7,3.85,3.77,3.77,3.76,117791
15:34,ACHN,3.135,3.26,3.2,3.21,3.135,695267
15:34,ACIW,33.93,34.31,33.93,34.14,34.05,174754
15:34,ACRS,6.497,6.67,6.67,6.67,6.46,197012
15:34,ACMR,15.1,15.72,15.46,15.54,15.125,28973
15:34,ACNB,37.56,38.23,37.95,37.7,37.56,9067
15:34,ACOR,12.48,12.88,12.73,12.79,12.63,300571
15:34,ATVI,46.854,47.65,47.19,47.57,46.98,3033589
15:34,ADMS,6.64,6.96,6.79,6.81,6.655,328965
15:36,YI,6.71,7.35,7.26,7.15,6.965,9899
15:36,PIH,5.031,5.2,5.2,5.11,5.18,1402
15:36,PIHPP,24.5,24.5,24.5,25,24.5,1000
15:36,TURN,1.88,1.945,1.9,1.91,1.912,23912
15:36,FLWS,18.34,18.74,18.4,18.49,18.6,229971
15:36,BCOW,9.68,9.68,9.61,9.8,9.68,478
15:36,FCCY,18.26,18.375,18.36,18.31,18.31,3
15:36,SRCE,45.74,46.62,46.24,46.4,45.79,53577
15:36,VNET,7.32,7.77,7.71,7.72,7.37,406713
15:36,TWOU,64.29,67.41,67.41,67.67,66.75,988186
15:36,QFIN,16.02,16.99,16.99,16.97,16.95,35082
15:36,TPNL,7.05,7.39,7.14,7.16,7.37,126626
15:36,JOBS,87.27,88.115,87.6,87.89,87.75,80754
15:36,JFKKU,10.06,10.06,10.06,10.04,10.06,10000
15:36,EGHT,20.42,20.785,20.46,20.51,20.66,281078
15:36,AAON,44.69,45.61,45.61,45.73,44.94,88437
15:36,ABEO,7.27,7.61,7.55,7.59,7.3,163859
15:36,ABEOW,,,3.55,3.55,3.07,62
15:36,ABIL,1.68,1.72,1.71,1.69,1.707,21915
15:36,ABMD,281.19,284.41,281.53,282.95,282.96,240183
15:36,AXAS,1.37,1.48,1.47,1.45,1.43,1002506
15:36,ACIU,4.93,5.05,5.05,5.02,4.89,153619
15:36,ACIA,57.72,58.89,57.87,57.93,58.01,400738
15:36,ACTG,3.16,3.28,3.25,3.29,3.17,40917
15:36,ACHC,29.921,30.61,30.31,30.4,29.98,444965
15:36,ACAD,26.59,27.395,26.99,27.07,26.815,641269
15:36,ACAMU,10.01,10.01,10,10.01,10.01,4300
15:36,ACST,0.92,0.96,0.96,0.971,0.9267,124762
15:36,AXDX,17.831,18.875,18.63,18.6,17.91,127558
15:36,XLRN,44.3,45.775,45.46,45.67,44.21,248650
15:36,ARAY,4.46,4.59,4.59,4.59,4.515,216661
15:36,ACRX,3.35,3.43,3.41,3.42,3.38,1272915
15:36,ACER,23.61,24.29,23.85,23.92,24.206,23669
15:36,ACET,0.133,0.165,0.159,0.1345,0.1345,6809167
15:36,AKAO,0.48,0.535,0.48,0.52,0.5295,1222661
15:36,ACHV,3.7,3.85,3.77,3.77,3.76,117791
15:36,ACHN,3.135,3.26,3.2,3.21,3.145,699002
15:36,ACIW,33.93,34.31,33.93,34.14,34.05,175676
15:36,ACRS,6.497,6.67,6.67,6.67,6.46,199016
15:36,ACMR,15.1,15.72,15.46,15.54,15.125,28973
15:36,ACNB,37.56,38.23,37.95,37.7,37.56,9067
15:36,ACOR,12.48,12.88,12.73,12.79,12.64,302080
15:36,ATVI,46.854,47.65,47.19,47.57,46.965,3050188
15:36,ADMS,6.64,6.96,6.79,6.81,6.67,334227
15:36,ADMP,1.98,2.02,2.02,2,1.99,202020
15:36,ADAP,4.68,4.99,4.99,4.97,4.665,149871
15:36,ADUS,64.41,66.96,65.38,65.51,65.5,49535
15:36,AEY,1.37,1.37,1.37,1.37,1.37,105
15:36,IOTS,6.17,6.38,6.29,6.31,6.17,39828
15:36,ADIL,2.91,3.023,2.99,2.98,2.96,34483
15:36,ADILW,0.4,0.4,0.4,0.4,0.4,3000
15:36,ADMA,5,5.19,5.1,5.14,5.07,392017
15:36,ADBE,266.8,269.99,267.12,268.81,269.05,1176338
15:36,ADOM,0.3601,0.4,0.4,0.335,0.3761,508475
15:36,ADTN,14.1,14.64,14.15,14.19,14.285,404819
15:36,ADRO,3.935,4.1,4.07,4.08,3.91,96842
15:36,ADES,12.01,12.34,12.09,12.06,12.18,110466
15:36,AEIS,53.65,55.06,54.47,54.64,54.13,367652
15:36,AMD,27.19,28.38,28.23,28.53,27.285,68224474
15:36,ADXS,3.83,3.95,3.93,3.95,3.83,233957
15:36,ADVM,5.32,5.58,5.48,5.49,5.33,80843
15:36,DWMC,21.77,22.142,21.77,22.02,22.12,557
15:36,DWSH,23.69,24.05,23.69,23.55,23.98,5955
15:36,BKCH,26.35,26.52,26.46,26.2,26.52,61094
15:36,ACT,25.145,25.25,25.19,25.26,25.15,1771
15:36,AEGN,18.28,18.94,18.75,18.84,18.26,87165
15:36,AGLE,7.837,8.171,8.11,8.09,7.82,176248
15:36,AEHR,1.73,1.79,1.74,1.76,1.78,100518
15:36,AMTX,0.8543,0.95,0.8543,0.8551,0.9,30362
15:36,AERI,44.71,46.28,46.17,46.25,44.64,485771
15:36,AVAV,66.11,67.8,67.8,67.93,66.12,160307
15:36,ARPO,0.982,1.04,1.03,1.03,0.9826,235294
15:36,AEZS,5.11,5.43,5.4,5.4,5.2,208248
15:36,AEMD,0.852,0.875,0.852,0.85,0.8689,15537
15:36,GNMX,0.192,0.229,0.22,0.229,0.2055,2733708
15:36,AFMD,4.01,4.16,4.05,4.03,4.13,1019346
15:36,AGEN,2.83,2.93,2.93,2.91,2.85,878095
15:36,AGRX,1.33,1.503,1.49,1.49,1.48,443686
15:36,AGYS,19.42,20.18,19.67,19.77,19.44,35402
15:36,AGIO,65.56,66.53,65.97,66.3,65.26,171273
15:36,AGMH,20,20.1,19.42,20.28,20,506
15:36,AGNC,18.085,18.18,18.13,18.15,18.13,2235289
15:36,AGNCB,25.18,25.23,25.21,25.22,25.23,17023
15:36,AGNCM,25.1,25.2,25.16,25.15,25.19,70238
15:36,AGNCN,25.75,25.88,25.85,25.81,25.76,17613
15:36,AGFS,3.29,3.39,3.35,3.34,3.32,47741
15:36,AGFSW,0.051,0.1,0.051,0.06,0.1,10
15:36,ALRN,1.63,1.8,1.75,1.75,1.723,102337
15:36,AIMT,22.12,22.94,22.59,22.73,22.645,922946
15:36,AIRT,28.104,28.243,28.01,28.14,28.104,1417
15:36,ATSG,22.48,22.74,22.72,22.79,22.52,99872
15:36,AIRG,13.096,13.93,13.25,13.25,13.93,118132
15:36,AMCN,0.44,0.47,0.463,0.4531,0.4551,23106
15:36,AKAM,74.103,74.6,74.16,74.47,74.55,559763
15:36,AKTX,3.31,3.57,3.45,3.45,3.35,193314
15:36,AKCA,30.63,31.575,31.42,31.55,30.63,99505
15:36,AKBA,7.39,7.8,7.59,7.6,7.53,1104611
15:36,AKER,0.88,0.9099,0.9,0.895,0.8867,273301
15:36,AKRX,3.33,3.43,3.4,3.41,3.34,976925
15:36,AKTS,6.226,6.465,6.31,6.31,6.35,113900
15:36,ALRM,64.58,66.39,64.63,64.82,66.07,150924
15:36,ALSK,1.81,1.89,1.88,1.89,1.81,54658
15:36,ALAC,9.97,10,9.97,10,10,176
15:36,ALACR,0.19,0.19,0.1995,0.1995,0.19,1030
15:36,ALACU,10.17,10.17,10.2,10.2,10.17,1500
15:36,ALACW,0.0801,0.0801,0.0801,0.0801,0.0801,1000
15:36,ALBO,34.16,34.86,34.71,34.75,34.21,19231
15:36,ABDC,7.851,8,7.99,7.99,7.93,12965
15:36,ALDR,13.64,14.25,13.89,13.9,13.56,760464
15:36,ALDX,8.4,8.65,8.62,8.63,8.43,183628
15:36,ALEC,23.23,26.21,25.77,25.77,23.4,509254
15:36,ALXN,138.408,140.347,139.17,139.75,138.425,601892
15:36,ALCO,27.127,28.28,27.73,27.81,27.97,6372
15:36,ALGN,283.01,290,290,292.71,285.44,832408
15:36,ALIM,1.006,1.025,1.02,1.02,1.02,21940
15:36,ALYA,3.28,3.39,3.28,3.32,3.31,22498
15:36,ALJJ,1.56,1.59,1.59,1.61,1.59,1917
15:36,ALKS,36.16,37.75,37.21,37.33,36.21,1105144
15:36,ALLK,41.95,44.73,43.26,43.34,41.8,171827
15:36,ABTX,35.49,36.03,35.91,35.93,35.63,60619
15:36,ALGT,133.78,137.36,137.23,137.92,134.06,103959
15:36,ALGR,9.93,9.93,9.93,9.91,9.93,100
15:36,ALGRR,0.27,0.27,0.27,0.27,0.27,300
15:36,ALGRU,10.48,10.48,10.45,10.45,10.48,2300
15:36,ALGRW,0.298,0.298,0.298,0.3,0.298,100
15:36,ALNA,6.46,6.77,6.7,6.67,6.5,38432
15:36,ARLP,18.75,19.01,18.98,18.95,18.94,388942
15:36,LNT,46.2,46.47,46.37,46.36,46.36,424163
15:36,AHPI,1.72,1.85,1.79,1.77,1.72,2496
15:36,AMOT,35.17,36.47,36.19,36.35,35.52,66130
15:36,ALQA,2.76,2.87,2.86,2.9,2.813,13069
15:36,ALLO,26.71,27.81,27.5,27.48,27.3,329162
15:36,ALLT,7.73,7.82,7.73,7.77,7.78,27276
15:36,MDRX,9.5,9.78,9.6,9.6,9.75,2014276
15:36,ALNY,89.15,91.6,90.99,90.17,89.23,675999
15:36,AOSL,12.11,12.38,12.38,12.39,12.17,35757
15:36,GOOG,1193.08,1202.29,1196,1203.84,1196.58,573937
15:36,GOOGL,1198.38,1207.15,1201.89,1208.28,1201.76,703049
15:36,SMCP,23.73,23.885,24.11,24.11,23.756,4217
15:36,ATEC,2.51,2.76,2.65,2.63,2.58,105263
15:36,ALPN,7.5,7.75,7.7,7.75,7.7,7704
15:36,AMR,0.24,0.2848,0.2714,0.2601,0.2451,2877154
15:36,AMRWW,0.0203,0.0263,0.03,0.03,0.0203,17106
15:37,YI,6.71,7.35,7.26,7.15,6.965,9899
15:37,PIH,5.031,5.2,5.2,5.11,5.18,1402
15:37,PIHPP,24.5,24.5,24.5,25,24.5,1000
15:37,TURN,1.88,1.945,1.9,1.91,1.912,23912
15:37,FLWS,18.34,18.74,18.4,18.49,18.6,229971
15:37,BCOW,9.68,9.68,9.61,9.8,9.68,478
15:37,FCCY,18.26,18.375,18.36,18.31,18.31,3
15:37,SRCE,45.74,46.62,46.24,46.4,45.79,53577
15:37,VNET,7.32,7.77,7.71,7.72,7.37,406779
15:37,TWOU,64.29,67.41,67.41,67.67,66.7,989409
15:37,QFIN,16.02,16.99,16.99,16.97,16.94,35082
15:37,TPNL,7.05,7.39,7.14,7.16,7.37,126626
15:37,JOBS,87.27,88.115,87.6,87.89,87.75,81154
15:37,JFKKU,10.06,10.06,10.06,10.04,10.06,10000
15:37,EGHT,20.42,20.785,20.46,20.51,20.685,282548
15:37,AAON,44.69,45.61,45.61,45.73,44.97,88437
15:37,ABEO,7.27,7.61,7.55,7.59,7.3,164718
15:37,ABEOW,,,3.55,3.55,3.07,62
15:37,ABIL,1.68,1.72,1.71,1.69,1.707,21915
15:37,ABMD,281.19,284.41,281.53,282.95,282.96,241486
15:37,AXAS,1.37,1.48,1.47,1.45,1.43,1002506
15:37,ACIU,4.93,5.05,5.05,5.02,4.89,153619
15:37,ACIA,57.72,58.89,57.87,57.93,58.01,402399
15:37,ACTG,3.16,3.28,3.25,3.29,3.17,40917
15:37,ACHC,29.921,30.61,30.31,30.4,29.98,444965
15:37,ACAD,26.59,27.395,26.99,27.07,26.81,642428
15:37,ACAMU,10.01,10.01,10,10.01,10.01,4300
15:37,ACST,0.92,0.96,0.96,0.971,0.9267,124762
15:37,AXDX,17.831,18.875,18.63,18.6,17.91,127558
15:37,XLRN,44.3,45.775,45.46,45.67,44.21,251913
15:37,ARAY,4.46,4.59,4.59,4.59,4.515,220404
15:37,ACRX,3.35,3.43,3.41,3.42,3.38,1275178
15:37,ACER,23.61,24.29,23.85,23.92,24.206,23669
15:37,ACET,0.133,0.165,0.159,0.1345,0.1345,6809167
15:37,AKAO,0.48,0.535,0.48,0.52,0.5295,1222661
15:37,ACHV,3.7,3.85,3.77,3.77,3.76,117791
15:37,ACHN,3.135,3.26,3.2,3.21,3.145,699002
15:37,ACIW,33.93,34.31,33.93,34.14,34.05,176724
15:37,ACRS,6.497,6.67,6.67,6.67,6.46,199116
15:37,ACMR,15.1,15.72,15.46,15.54,15.125,28973
15:37,ACNB,37.56,38.23,37.95,37.7,37.56,9067
15:37,ACOR,12.48,12.88,12.73,12.79,12.64,302761
15:37,ATVI,46.854,47.65,47.19,47.57,46.92,3065595
15:37,ADMS,6.64,6.96,6.79,6.81,6.67,334378
15:37,ADMP,1.98,2.02,2.02,2,1.99,202020
15:37,ADAP,4.68,4.99,4.99,4.97,4.67,151157
15:37,ADUS,64.41,66.96,65.38,65.51,65.48,51606
15:37,AEY,1.37,1.37,1.37,1.37,1.37,105
15:37,IOTS,6.17,6.38,6.29,6.31,6.17,39828
15:37,ADIL,2.91,3.023,2.99,2.98,2.96,34483
15:37,ADILW,0.4,0.4,0.4,0.4,0.4,3000
15:37,ADMA,5,5.19,5.1,5.14,5.07,392017
15:37,ADBE,266.8,269.99,267.12,268.81,269.05,1178966
15:37,ADOM,0.3601,0.4,0.4,0.335,0.3778,508475
15:37,ADTN,14.1,14.64,14.15,14.19,14.285,405275
15:37,ADRO,3.935,4.1,4.07,4.08,3.91,96842
15:37,ADES,12.01,12.34,12.09,12.06,12.175,116200
15:37,AEIS,53.65,55.06,54.47,54.64,54.16,369906
15:37,AMD,27.19,28.38,28.23,28.53,27.29,68327536
15:37,ADXS,3.83,3.95,3.93,3.95,3.83,233957
15:37,ADVM,5.32,5.58,5.48,5.49,5.33,81484
15:37,DWMC,21.77,22.142,21.77,22.02,22.12,557
15:37,DWSH,23.69,24.05,23.69,23.55,23.98,6187
15:37,BKCH,26.35,26.52,26.46,26.2,26.52,61094
15:37,ACT,25.145,25.25,25.19,25.26,25.15,1771
15:37,AEGN,18.28,18.94,18.75,18.84,18.26,87165
15:37,AGLE,7.837,8.171,8.11,8.09,7.82,176248
15:37,AEHR,1.73,1.79,1.74,1.76,1.78,100518
15:37,AMTX,0.8543,0.95,0.8543,0.8551,0.9,30362
15:37,AERI,44.71,46.28,46.17,46.25,44.75,487369
15:37,AVAV,66.11,67.8,67.8,67.93,66.12,160307
15:37,ARPO,0.981,1.04,1.03,1.03,1,235294
15:37,AEZS,5.11,5.43,5.4,5.4,5.2,208248
15:37,AEMD,0.852,0.875,0.852,0.85,0.8689,15537
15:37,GNMX,0.192,0.229,0.22,0.229,0.2089,2733708
15:37,AFMD,4.01,4.16,4.05,4.03,4.13,1019848
15:37,AGEN,2.83,2.93,2.93,2.91,2.85,878793
15:37,AGRX,1.33,1.503,1.49,1.49,1.48,443686
15:37,AGYS,19.42,20.18,19.67,19.77,19.44,35402
15:37,AGIO,65.56,66.53,65.97,66.3,65.26,171273
15:37,AGMH,20,20.1,19.42,20.28,20,506
15:37,AGNC,18.085,18.18,18.13,18.15,18.115,2246048
15:37,AGNCB,25.18,25.23,25.21,25.22,25.23,17023
15:37,AGNCM,25.1,25.2,25.16,25.15,25.19,70238
15:37,AGNCN,25.75,25.88,25.85,25.81,25.76,17613
15:37,AGFS,3.29,3.39,3.35,3.34,3.32,52745
15:37,AGFSW,0.051,0.1,0.051,0.06,0.1,10
15:37,ALRN,1.63,1.8,1.75,1.75,1.723,102337
15:37,AIMT,22.12,22.94,22.59,22.73,22.645,922946
15:37,AIRT,28.104,28.243,28.01,28.14,28.104,1417
15:37,ATSG,22.48,22.74,22.72,22.79,22.52,99872
15:37,AIRG,13.096,13.93,13.25,13.25,13.93,118132
15:37,AMCN,0.44,0.47,0.463,0.4531,0.4551,23106
15:37,AKAM,74.103,74.6,74.16,74.47,74.55,560245
15:37,AKTX,3.31,3.57,3.45,3.45,3.36,195581
15:37,AKCA,30.63,31.575,31.42,31.55,30.63,99505
15:37,AKBA,7.39,7.8,7.59,7.6,7.515,1108512
15:37,AKER,0.88,0.9099,0.9,0.895,0.8867,273302
15:37,AKRX,3.33,3.43,3.4,3.41,3.345,979455
15:37,AKTS,6.226,6.465,6.31,6.31,6.36,113900
15:37,ALRM,64.58,66.39,64.63,64.82,66.08,151570
15:37,ALSK,1.81,1.89,1.88,1.89,1.81,54658
15:37,ALAC,9.97,10,9.97,10,10,176
15:37,ALACR,0.19,0.19,0.1995,0.1995,0.19,1030
15:37,ALACU,10.17,10.17,10.2,10.2,10.17,1500
15:37,ALACW,0.0801,0.0801,0.0801,0.0801,0.0801,1000
15:37,ALBO,34.16,34.86,34.71,34.75,34.21,19231
15:37,ABDC,7.851,8,7.99,7.99,7.93,12965
15:37,ALDR,13.64,14.25,13.89,13.9,13.6,761897
15:37,ALDX,8.4,8.65,8.62,8.63,8.41,184035
15:37,ALEC,23.23,26.21,25.77,25.77,23.4,509254
15:37,ALXN,138.408,140.347,139.17,139.75,138.34,604809
15:37,ALCO,27.127,28.28,27.73,27.81,27.97,6372
15:37,ALGN,283.01,290,290,292.71,285.3,838295
15:37,ALIM,1.006,1.025,1.02,1.02,1.02,21940
15:37,ALYA,3.28,3.39,3.28,3.32,3.31,22914
15:37,ALJJ,1.56,1.59,1.59,1.61,1.59,1917
15:37,ALKS,36.16,37.75,37.21,37.33,36.17,1108074
15:37,ALLK,41.95,44.73,43.26,43.34,41.8,173591
15:37,ABTX,35.49,36.03,35.91,35.93,35.63,60619
15:37,ALGT,133.78,137.36,137.23,137.92,133.725,106916
15:37,ALGR,9.93,9.93,9.93,9.91,9.93,100
15:37,ALGRR,0.27,0.27,0.27,0.27,0.27,300
15:37,ALGRU,10.48,10.48,10.45,10.45,10.48,2300
15:37,ALGRW,0.298,0.298,0.298,0.3,0.298,100
15:37,ALNA,6.46,6.77,6.7,6.67,6.5,38432
15:37,ARLP,18.75,19.01,18.98,18.95,18.94,389044
15:37,LNT,46.2,46.47,46.37,46.36,46.365,425957
15:37,AHPI,1.72,1.85,1.79,1.77,1.72,2496
15:37,AMOT,35.17,36.47,36.19,36.35,35.52,66130
15:37,ALQA,2.76,2.87,2.86,2.9,2.83,13169
15:37,ALLO,26.71,27.81,27.5,27.48,27.3,329162
15:37,ALLT,7.73,7.82,7.73,7.77,7.78,27478
15:37,MDRX,9.5,9.78,9.6,9.6,9.765,2029183
15:37,ALNY,89.15,91.6,90.99,90.17,89.24,677261
15:37,AOSL,12.11,12.38,12.38,12.39,12.17,35757
15:37,GOOG,1193.08,1202.29,1196,1203.84,1196.58,575109
15:37,GOOGL,1198.38,1207.15,1201.89,1208.28,1201.82,703174
15:37,SMCP,23.73,23.885,24.11,24.11,23.756,4217
15:37,ATEC,2.51,2.76,2.65,2.63,2.58,105263
15:37,ALPN,7.5,7.75,7.7,7.75,7.7,7704
15:37,AMR,0.24,0.2848,0.2714,0.2601,0.2493,2877154
15:37,AMRWW,0.0203,0.0263,0.03,0.03,0.0203,17106
15:37,AABA,73.63,75.71,74.28,74.46,75.685,9102690
15:37,ALTR,36.59,37.09,36.77,37.07,36.68,88134
15:38,YI,6.71,7.35,7.26,7.15,6.965,9899
15:38,PIH,5.031,5.2,5.2,5.11,5.18,1402
15:38,PIHPP,24.5,24.5,24.5,25,24.5,1000
15:38,TURN,1.88,1.945,1.9,1.91,1.912,23912
15:38,FLWS,18.34,18.74,18.4,18.49,18.6,229971
15:38,BCOW,9.68,9.68,9.61,9.8,9.68,478
15:38,FCCY,18.26,18.375,18.36,18.31,18.31,3
15:38,SRCE,45.74,46.62,46.24,46.4,45.79,53577
15:38,VNET,7.32,7.77,7.71,7.72,7.37,406978
15:38,TWOU,64.29,67.41,67.41,67.67,66.705,993879
15:38,QFIN,16.02,16.99,16.99,16.97,16.97,35082
15:38,TPNL,7.05,7.39,7.14,7.16,7.37,126626
15:38,JOBS,87.27,88.115,87.6,87.89,87.75,81154
15:38,JFKKU,10.06,10.06,10.06,10.04,10.06,10000
15:38,EGHT,20.42,20.785,20.46,20.51,20.685,282768
15:38,AAON,44.69,45.61,45.61,45.73,44.94,88960
15:38,ABEO,7.27,7.61,7.55,7.59,7.3,164766
15:38,ABEOW,,,3.55,3.55,3.07,62
15:38,ABIL,1.68,1.72,1.71,1.69,1.707,21915
15:38,ABMD,281.19,284.41,281.53,282.95,282.96,241991
15:38,AXAS,1.37,1.48,1.47,1.45,1.43,1002824
15:38,ACIU,4.93,5.05,5.05,5.02,4.89,153619
15:38,ACIA,57.72,58.89,57.87,57.93,58.11,403348
15:38,ACTG,3.16,3.28,3.25,3.29,3.17,40917
15:38,ACHC,29.921,30.61,30.31,30.4,29.98,447073
15:38,ACAD,26.59,27.395,26.99,27.07,26.825,642765
15:38,ACAMU,10.01,10.01,10,10.01,10.01,4300
15:38,ACST,0.92,0.96,0.96,0.971,0.9267,124762
15:38,AXDX,17.831,18.875,18.63,18.6,17.91,127558
15:38,XLRN,44.243,45.775,45.46,45.67,44.24,252176
15:38,ARAY,4.46,4.59,4.59,4.59,4.53,225311
15:38,ACRX,3.35,3.43,3.41,3.42,3.38,1276690
15:38,ACER,23.61,24.29,23.85,23.92,24.206,23669
15:38,ACET,0.133,0.165,0.159,0.1345,0.1345,6809167
15:38,AKAO,0.48,0.535,0.48,0.52,0.5295,1222805
15:38,ACHV,3.7,3.85,3.77,3.77,3.76,117791
15:38,ACHN,3.135,3.26,3.2,3.21,3.145,700400
15:38,ACIW,33.93,34.31,33.93,34.14,34.05,177667
15:38,ACRS,6.497,6.67,6.67,6.67,6.46,199116
15:38,ACMR,15.1,15.72,15.46,15.54,15.125,30074
15:38,ACNB,37.56,38.23,37.95,37.7,37.56,9067
15:38,ACOR,12.48,12.88,12.73,12.79,12.64,303274
15:38,ATVI,46.854,47.65,47.19,47.57,46.91,3081929
15:38,ADMS,6.64,6.96,6.79,6.81,6.67,335573
15:38,ADMP,1.98,2.02,2.02,2,1.99,202020
15:38,ADAP,4.68,4.99,4.99,4.97,4.67,152262
15:38,ADUS,64.41,66.96,65.38,65.51,65.48,51606
15:38,AEY,1.37,1.37,1.37,1.37,1.37,105
15:38,IOTS,6.17,6.38,6.29,6.31,6.17,40298
15:38,ADIL,2.91,3.023,2.99,2.98,2.919,34483
15:38,ADILW,0.4,0.4,0.4,0.4,0.4,3000
15:38,ADMA,5,5.19,5.1,5.14,5.07,392017
15:38,ADBE,266.8,269.99,267.12,268.81,269.05,1181276
15:38,ADOM,0.3601,0.4,0.4,0.335,0.3752,508475
15:38,ADTN,14.1,14.64,14.15,14.19,14.285,407757
15:38,ADRO,3.935,4.1,4.07,4.08,3.915,97915
15:38,ADES,12.01,12.34,12.09,12.06,12.19,117560
15:38,AEIS,53.65,55.06,54.47,54.64,54.2,374354
15:38,AMD,27.19,28.38,28.23,28.53,27.295,68451779
15:38,ADXS,3.83,3.95,3.93,3.95,3.83,233957
15:38,ADVM,5.32,5.58,5.48,5.49,5.33,81901
15:38,DWMC,21.77,22.142,21.77,22.02,22.12,557
15:38,DWSH,23.69,24.05,23.69,23.55,23.98,6187
15:38,BKCH,26.35,26.52,26.46,26.2,26.52,61094
15:38,ACT,25.145,25.25,25.19,25.26,25.15,1771
15:38,AEGN,18.27,18.94,18.75,18.84,18.26,87165
15:38,AGLE,7.837,8.171,8.11,8.09,7.82,178926
15:38,AEHR,1.73,1.79,1.74,1.76,1.78,100518
15:38,AMTX,0.8543,0.95,0.8543,0.8551,0.9,30362
15:38,AERI,44.71,46.28,46.17,46.25,44.75,487756
15:38,AVAV,66.11,67.8,67.8,67.93,66.12,160307
15:38,ARPO,0.981,1.04,1.03,1.03,1,235294
15:38,AEZS,5.11,5.43,5.4,5.4,5.22,208994
15:38,AEMD,0.852,0.875,0.852,0.85,0.8689,15537
15:38,GNMX,0.192,0.229,0.22,0.229,0.2089,2733708
15:38,AFMD,4.01,4.16,4.05,4.03,4.13,1024889
15:38,AGEN,2.83,2.93,2.93,2.91,2.85,879491
15:38,AGRX,1.33,1.503,1.49,1.49,1.48,443686
15:38,AGYS,19.42,20.18,19.67,19.77,19.44,35402
15:38,AGIO,65.46,66.53,65.97,66.3,65.26,171273
15:38,AGMH,20,20.1,19.42,20.28,20,506
15:38,AGNC,18.085,18.18,18.13,18.15,18.115,2246048
15:38,AGNCB,25.18,25.23,25.21,25.22,25.23,17023
15:38,AGNCM,25.1,25.2,25.16,25.15,25.19,70238
15:38,AGNCN,25.75,25.88,25.85,25.81,25.76,17613
15:38,AGFS,3.29,3.39,3.35,3.34,3.32,52745
15:38,AGFSW,0.051,0.1,0.051,0.06,0.1,10
15:38,ALRN,1.63,1.8,1.75,1.75,1.69,104087
15:38,AIMT,22.12,22.94,22.59,22.73,22.645,922946
15:38,AIRT,28.104,28.243,28.01,28.14,28.104,1417
15:38,ATSG,22.48,22.74,22.72,22.79,22.52,100872
15:38,AIRG,13.096,13.93,13.25,13.25,13.93,118132
15:38,AMCN,0.44,0.47,0.463,0.4531,0.4551,23106
15:38,AKAM,74.103,74.6,74.16,74.47,74.57,563732
15:38,AKTX,3.31,3.57,3.45,3.45,3.37,195681
15:38,AKCA,30.54,31.575,31.42,31.55,30.59,99505
15:38,AKBA,7.39,7.8,7.59,7.6,7.52,1111662
15:38,AKER,0.88,0.9099,0.9,0.895,0.8936,273802
15:38,AKRX,3.33,3.43,3.4,3.41,3.345,994014
15:38,AKTS,6.226,6.465,6.31,6.31,6.36,113900
15:38,ALRM,64.58,66.39,64.63,64.82,66.08,152828
15:38,ALSK,1.81,1.89,1.88,1.89,1.81,55138
15:38,ALAC,9.97,10,9.97,10,10,176
15:38,ALACR,0.19,0.19,0.1995,0.1995,0.19,1030
15:38,ALACU,10.17,10.17,10.2,10.2,10.17,1500
15:38,ALACW,0.0801,0.0801,0.0801,0.0801,0.0801,1000
15:38,ALBO,34.16,34.86,34.71,34.75,34.21,19231
15:38,ABDC,7.851,8,7.99,7.99,7.93,12965
15:38,ALDR,13.64,14.25,13.89,13.9,13.6,761897
15:38,ALDX,8.39,8.65,8.62,8.63,8.43,184891
15:38,ALEC,23.23,26.21,25.77,25.77,23.4,509254
15:38,ALXN,138.408,140.347,139.17,139.75,138.31,609283
15:39,YI,6.71,7.35,7.26,7.15,6.965,9899
15:39,PIH,5.031,5.2,5.2,5.11,5.18,1402
15:39,PIHPP,24.5,24.5,24.5,25,24.5,1000
15:39,TURN,1.88,1.945,1.9,1.91,1.912,23912
15:39,FLWS,18.34,18.74,18.4,18.49,18.6,230500
15:39,BCOW,9.68,9.68,9.61,9.8,9.68,478
15:39,FCCY,18.26,18.375,18.36,18.31,18.31,3
15:39,SRCE,45.74,46.62,46.24,46.4,45.75,53577
15:39,VNET,7.32,7.77,7.71,7.72,7.37,407110
15:39,TWOU,64.29,67.41,67.41,67.67,66.67,996673
15:39,QFIN,16.02,16.99,16.99,16.97,16.97,35082
15:39,TPNL,7.05,7.39,7.14,7.16,7.37,126626
15:39,JOBS,87.27,88.115,87.6,87.89,87.75,81559
15:39,JFKKU,10.06,10.06,10.06,10.04,10.06,10000
15:39,EGHT,20.42,20.785,20.46,20.51,20.685,284431
15:39,AAON,44.69,45.61,45.61,45.73,44.94,89040
15:39,ABEO,7.27,7.61,7.55,7.59,7.32,166286
15:39,ABEOW,,,3.55,3.55,3.07,62
15:39,ABIL,1.68,1.72,1.71,1.69,1.707,21915
15:39,ABMD,281.19,284.41,281.53,282.95,282.91,245086
15:39,AXAS,1.37,1.48,1.47,1.45,1.43,1003142
15:39,ACIU,4.9,5.05,5.05,5.02,4.89,153619
15:39,ACIA,57.72,58.89,57.87,57.93,58.11,404139
15:39,ACTG,3.16,3.28,3.25,3.29,3.17,40917
15:39,ACHC,29.921,30.61,30.31,30.4,29.98,450426
15:39,ACAD,26.59,27.395,26.99,27.07,26.845,643789
15:39,ACAMU,10.01,10.01,10,10.01,10.01,4300
15:39,ACST,0.92,0.96,0.96,0.971,0.9267,124768
15:39,AXDX,17.831,18.875,18.63,18.6,17.795,133112
15:39,XLRN,44.243,45.775,45.46,45.67,44.22,252243
15:39,ARAY,4.46,4.59,4.59,4.59,4.53,225311
15:39,ACRX,3.35,3.43,3.41,3.42,3.38,1276690
15:39,ACER,23.61,24.29,23.85,23.92,24.206,23669
15:39,ACET,0.133,0.165,0.159,0.1345,0.1345,6809167
15:39,AKAO,0.48,0.535,0.48,0.52,0.5295,1222805
15:39,ACHV,3.7,3.85,3.77,3.77,3.76,117791
15:39,ACHN,3.135,3.26,3.2,3.21,3.145,701101
15:39,ACIW,33.93,34.31,33.93,34.14,34.05,180556
15:39,ACRS,6.497,6.67,6.67,6.67,6.46,199116
15:39,ACMR,15.1,15.72,15.46,15.54,15.125,30074
15:39,ACNB,37.56,38.23,37.95,37.7,37.56,9067
15:39,ACOR,12.48,12.88,12.73,12.79,12.65,308696
15:39,ATVI,46.854,47.65,47.19,47.57,46.92,3096067
15:39,ADMS,6.64,6.96,6.79,6.81,6.67,337956
15:39,ADMP,1.98,2.02,2.02,2,1.99,202020
15:39,ADAP,4.68,4.99,4.99,4.97,4.67,152262
15:39,ADUS,64.41,66.96,65.38,65.51,65.48,51606
15:39,AEY,1.37,1.37,1.37,1.37,1.37,105
15:39,IOTS,6.17,6.38,6.29,6.31,6.17,40298
15:39,ADIL,2.91,3.023,2.99,2.98,2.919,34483
15:39,ADILW,0.4,0.4,0.4,0.4,0.4,3000
15:39,ADMA,5,5.19,5.1,5.14,5.07,392017
15:39,ADBE,266.8,269.99,267.12,268.81,269.08,1186471
15:39,ADOM,0.3601,0.4,0.4,0.335,0.3759,508475
15:39,ADTN,14.1,14.64,14.15,14.19,14.27,408065
15:39,ADRO,3.93,4.1,4.07,4.08,3.915,98214
15:39,ADES,12.01,12.34,12.09,12.06,12.19,117872
15:39,AEIS,53.65,55.06,54.47,54.64,54.18,377554
15:39,AMD,27.19,28.38,28.23,28.53,27.305,68698813
15:39,ADXS,3.83,3.95,3.93,3.95,3.83,233957
15:39,ADVM,5.32,5.58,5.48,5.49,5.33,83300
15:39,DWMC,21.77,22.142,21.77,22.02,22.12,557
15:39,DWSH,23.69,24.05,23.69,23.55,23.98,6187
15:39,BKCH,26.35,26.52,26.46,26.2,26.52,61094
15:39,ACT,25.145,25.25,25.19,25.26,25.15,1771
15:39,AEGN,18.27,18.94,18.75,18.84,18.26,87165
15:39,AGLE,7.837,8.171,8.11,8.09,7.82,178926
15:39,AEHR,1.73,1.79,1.74,1.76,1.779,101018
15:39,AMTX,0.8543,0.95,0.8543,0.8551,0.9,30362
15:39,AERI,44.71,46.28,46.17,46.25,44.75,489017
15:39,AVAV,66.04,67.8,67.8,67.93,66.12,160307
15:39,ARPO,0.981,1.04,1.03,1.03,1,235294
15:39,AEZS,5.11,5.43,5.4,5.4,5.22,208994
15:39,AEMD,0.852,0.875,0.852,0.85,0.8689,15537
15:39,GNMX,0.192,0.229,0.22,0.229,0.2089,2733708
15:39,AFMD,4.01,4.16,4.05,4.03,4.135,1026028
15:39,AGEN,2.83,2.93,2.93,2.91,2.85,879491
15:39,AGRX,1.33,1.503,1.49,1.49,1.48,443686
15:39,AGYS,19.42,20.18,19.67,19.77,19.44,35402
15:39,AGIO,65.45,66.53,65.97,66.3,65.26,171273
15:39,AGMH,20,20.1,19.42,20.28,20,506
15:39,AGNC,18.085,18.18,18.13,18.15,18.115,2246048
15:39,AGNCB,25.18,25.23,25.21,25.22,25.23,17023
15:39,AGNCM,25.1,25.2,25.16,25.15,25.19,70238
15:39,AGNCN,25.75,25.88,25.85,25.81,25.76,17613
15:39,AGFS,3.29,3.39,3.35,3.34,3.32,52745
15:39,AGFSW,0.051,0.1,0.051,0.06,0.1,10
15:39,ALRN,1.63,1.8,1.75,1.75,1.71,104938
15:39,AIMT,22.12,22.94,22.59,22.73,22.645,923354
15:39,AIRT,28.104,28.243,28.01,28.14,28.104,1417
15:39,ATSG,22.48,22.74,22.72,22.79,22.52,100872
15:39,AIRG,13.096,13.93,13.25,13.25,13.93,118132
15:39,AMCN,0.44,0.47,0.463,0.4531,0.4551,23106
15:39,AKAM,74.103,74.6,74.16,74.47,74.57,566913
15:39,AKTX,3.31,3.57,3.45,3.45,3.37,195681
15:39,AKCA,30.54,31.575,31.42,31.55,30.59,99505
15:39,AKBA,7.39,7.8,7.59,7.6,7.51,1115301
15:39,AKER,0.88,0.9099,0.9,0.895,0.8936,273802
15:39,AKRX,3.33,3.43,3.4,3.41,3.345,994208
15:39,AKTS,6.226,6.465,6.31,6.31,6.36,113900
15:39,ALRM,64.58,66.39,64.63,64.82,66.08,152828
15:39,ALSK,1.8,1.89,1.88,1.89,1.8,55138
15:39,ALAC,9.97,10,9.97,10,10,176
15:39,ALACR,0.19,0.19,0.1995,0.1995,0.19,1030
15:39,ALACU,10.17,10.17,10.2,10.2,10.17,1500
15:39,ALACW,0.0801,0.0801,0.0801,0.0801,0.0801,1000
15:39,ALBO,34.16,34.86,34.71,34.75,34.21,19231
15:39,ABDC,7.851,8,7.99,7.99,7.93,12965
15:39,ALDR,13.64,14.25,13.89,13.9,13.6,761897
15:39,ALDX,8.39,8.65,8.62,8.63,8.43,184891
15:39,ALEC,23.23,26.21,25.77,25.77,23.4,509254
15:39,ALXN,138.408,140.347,139.17,139.75,138.25,614946
15:39,ALCO,27.127,28.28,27.73,27.81,27.97,6587
15:39,ALGN,283.01,290,290,292.71,284.84,849531
15:39,ALIM,1.006,1.025,1.02,1.02,1.02,21940
15:39,ALYA,3.28,3.39,3.28,3.32,3.31,22924
15:39,ALJJ,1.56,1.59,1.59,1.61,1.59,1917
15:39,ALKS,36.16,37.75,37.21,37.33,36.155,1110471
15:39,ALLK,41.95,44.73,43.26,43.34,41.8,174045
15:39,ABTX,35.49,36.03,35.91,35.93,35.63,60619
15:39,ALGT,133.78,137.36,137.23,137.92,133.84,108075
15:39,ALGR,9.93,9.93,9.93,9.91,9.93,100
15:39,ALGRR,0.27,0.27,0.27,0.27,0.27,300
15:39,ALGRU,10.48,10.48,10.45,10.45,10.48,2300
15:39,ALGRW,0.298,0.298,0.298,0.3,0.298,100
15:39,ALNA,6.46,6.77,6.7,6.67,6.5,38432
15:39,ARLP,18.75,19.01,18.98,18.95,18.94,390690
15:39,LNT,46.2,46.47,46.37,46.36,46.405,431109
15:39,AHPI,1.72,1.85,1.79,1.77,1.72,2496
15:39,AMOT,35.17,36.47,36.19,36.35,35.52,66130
15:39,ALQA,2.76,2.87,2.86,2.9,2.83,13169
15:39,ALLO,26.71,27.81,27.5,27.48,27.28,334752
15:40,YI,6.71,7.35,7.26,7.15,6.965,9899
15:40,PIH,5.031,5.2,5.2,5.11,5.18,1402
15:40,PIHPP,24.5,24.5,24.5,25,24.5,1000
15:40,TURN,1.88,1.945,1.9,1.91,1.912,23912
15:40,FLWS,18.34,18.74,18.4,18.49,18.6,231031
15:40,BCOW,9.68,9.68,9.61,9.8,9.68,478
15:40,FCCY,18.26,18.375,18.36,18.31,18.31,3
15:40,SRCE,45.74,46.62,46.24,46.4,45.75,53577
15:40,VNET,7.32,7.77,7.71,7.72,7.37,407973
15:40,TWOU,64.29,67.41,67.41,67.67,66.675,997625
15:40,QFIN,16.02,16.99,16.99,16.97,16.97,35082
15:40,TPNL,7.05,7.39,7.14,7.16,7.37,129522
15:40,JOBS,87.27,88.115,87.6,87.89,87.75,81559
15:40,JFKKU,10.06,10.06,10.06,10.04,10.06,10000
15:40,EGHT,20.42,20.785,20.46,20.51,20.685,284655
15:40,AAON,44.69,45.61,45.61,45.73,44.96,89693
15:40,ABEO,7.27,7.61,7.55,7.59,7.32,166286
15:40,ABEOW,,,3.55,3.55,3.07,62
15:40,ABIL,1.68,1.72,1.71,1.69,1.707,21995
15:40,ABMD,281.19,284.41,281.53,282.95,282.91,246229
15:40,AXAS,1.37,1.48,1.47,1.45,1.44,1005641
15:40,ACIU,4.86,5.05,5.05,5.02,4.89,158440
15:40,ACIA,57.72,58.89,57.87,57.93,58.11,406173
15:40,ACTG,3.16,3.28,3.25,3.29,3.17,40917
15:40,ACHC,29.921,30.61,30.31,30.4,29.98,450772
15:40,ACAD,26.59,27.395,26.99,27.07,26.82,646365
15:40,ACAMU,10.01,10.01,10,10.01,10.01,4300
15:40,ACST,0.92,0.96,0.96,0.971,0.9267,124768
15:40,AXDX,17.831,18.875,18.63,18.6,17.795,139256
15:40,XLRN,44.243,45.775,45.46,45.67,44.22,252243
15:40,ARAY,4.46,4.59,4.59,4.59,4.525,226658
15:40,ACRX,3.35,3.43,3.41,3.42,3.38,1277448
15:40,ACER,23.61,24.29,23.85,23.92,24.206,23669
15:40,ACET,0.133,0.165,0.159,0.1345,0.1345,6809167
15:40,AKAO,0.48,0.535,0.48,0.52,0.5295,1223744
15:40,ACHV,3.7,3.85,3.77,3.77,3.76,117791
15:40,ACHN,3.135,3.26,3.2,3.21,3.145,701101
15:40,ACIW,33.93,34.31,33.93,34.14,34.05,181787
15:40,ACRS,6.497,6.67,6.67,6.67,6.42,200645
15:40,ACMR,15.1,15.72,15.46,15.54,15.125,30074
15:40,ACNB,37.56,38.23,37.95,37.7,37.56,9067
15:40,ACOR,12.48,12.88,12.73,12.79,12.67,312638
15:40,ATVI,46.854,47.65,47.19,47.57,46.965,3114342
15:40,ADMS,6.64,6.96,6.79,6.81,6.67,338197
15:40,ADMP,1.98,2.02,2.02,2,1.99,202020
15:40,ADAP,4.68,4.99,4.99,4.97,4.67,152262
15:40,ADUS,64.41,66.96,65.38,65.51,65.48,51606
15:40,AEY,1.37,1.37,1.37,1.37,1.37,105
15:40,IOTS,6.17,6.38,6.29,6.31,6.205,40797
15:40,ADIL,2.91,3.023,2.99,2.98,2.93,34483
15:40,ADILW,0.4,0.4,0.4,0.4,0.4,3000
15:40,ADMA,5,5.19,5.1,5.14,5.07,393521
15:40,ADBE,266.8,269.99,267.12,268.81,269.04,1189075
15:40,ADOM,0.3601,0.4,0.4,0.335,0.3759,508475
15:40,ADTN,14.1,14.64,14.15,14.19,14.275,408664
15:40,ADRO,3.93,4.1,4.07,4.08,3.915,98214
15:40,ADES,12.01,12.34,12.09,12.06,12.19,118757
15:40,AEIS,53.65,55.06,54.47,54.64,54.18,378727
15:40,AMD,27.19,28.38,28.23,28.53,27.325,68764776
15:40,ADXS,3.83,3.95,3.93,3.95,3.83,247875
15:40,ADVM,5.31,5.58,5.48,5.49,5.31,84153
15:40,DWMC,21.77,22.142,21.77,22.02,22.12,557
15:40,DWSH,23.69,24.05,23.69,23.55,23.98,6187
15:40,BKCH,26.35,26.52,26.46,26.2,26.52,61094
15:40,ACT,25.145,25.25,25.19,25.26,25.15,1771
15:40,AEGN,18.27,18.94,18.75,18.84,18.26,87165
15:40,AGLE,7.837,8.171,8.11,8.09,7.805,180967
15:40,AEHR,1.73,1.79,1.74,1.76,1.779,101018
15:40,AMTX,0.8543,0.95,0.8543,0.8551,0.9,30362
15:40,AERI,44.71,46.28,46.17,46.25,44.75,489504
15:40,AVAV,66.04,67.8,67.8,67.93,66.12,160307
15:40,ARPO,0.981,1.04,1.03,1.03,1,235294
15:40,AEZS,5.11,5.43,5.4,5.4,5.22,209180
15:40,AEMD,0.852,0.875,0.852,0.85,0.8689,15537
15:40,GNMX,0.192,0.229,0.22,0.229,0.2089,2733708
15:40,AFMD,4.01,4.16,4.05,4.03,4.14,1027026
15:40,AGEN,2.83,2.93,2.93,2.91,2.85,880191
15:40,AGRX,1.33,1.503,1.49,1.49,1.48,443686
15:40,AGYS,19.42,20.18,19.67,19.77,19.44,36687
15:40,AGIO,65.4,66.53,65.97,66.3,65.26,177973
15:40,AGMH,20,20.1,19.42,20.28,20,506
15:40,AGNC,18.085,18.18,18.13,18.15,18.115,2264782
15:40,AGNCB,25.18,25.23,25.21,25.22,25.23,17023
15:40,AGNCM,25.1,25.2,25.16,25.15,25.19,70238
15:40,AGNCN,25.75,25.88,25.85,25.81,25.76,17613
15:40,AGFS,3.29,3.39,3.35,3.34,3.32,52745
15:40,AGFSW,0.051,0.1,0.051,0.06,0.1,10
15:40,ALRN,1.63,1.8,1.75,1.75,1.712,106938
15:40,AIMT,22.12,22.94,22.59,22.73,22.645,923558
15:40,AIRT,28.104,28.243,28.01,28.14,28.104,1417
15:40,ATSG,22.48,22.74,22.72,22.79,22.52,100872
15:40,AIRG,13.096,13.93,13.25,13.25,13.93,118132
15:40,AMCN,0.44,0.47,0.463,0.4531,0.4551,23106
15:40,AKAM,74.103,74.6,74.16,74.47,74.57,568392
15:40,AKTX,3.31,3.57,3.45,3.45,3.37,195681
15:40,AKCA,30.54,31.575,31.42,31.55,30.59,99505
15:40,AKBA,7.39,7.8,7.59,7.6,7.51,1118564
15:40,AKER,0.88,0.9099,0.9,0.895,0.887,274004
15:40,AKRX,3.32,3.43,3.4,3.41,3.345,995530
15:40,AKTS,6.226,6.465,6.31,6.31,6.35,113900
15:40,ALRM,64.58,66.39,64.63,64.82,66.08,152828
15:40,ALSK,1.8,1.89,1.88,1.89,1.8,55138
15:40,ALAC,9.97,10,9.97,10,10,176
15:40,ALACR,0.19,0.19,0.1995,0.1995,0.19,1030
15:40,ALACU,10.17,10.17,10.2,10.2,10.17,1500
15:40,ALACW,0.0801,0.0801,0.0801,0.0801,0.0801,1000
15:40,ALBO,34.16,34.86,34.71,34.75,34.21,19231
15:40,ABDC,7.851,8,7.99,7.99,7.93,12965
15:40,ALDR,13.64,14.25,13.89,13.9,13.6,761897
15:40,ALDX,8.39,8.65,8.62,8.63,8.43,184891
15:40,ALEC,23.23,26.21,25.77,25.77,23.49,518354
15:40,ALXN,138.408,140.347,139.17,139.75,138.28,618907
15:40,ALCO,27.127,28.28,27.73,27.81,27.97,7789
15:40,ALGN,283.01,290,290,292.71,284.84,851128
15:40,ALIM,1.006,1.025,1.02,1.02,1.02,22040
15:40,ALYA,3.28,3.39,3.28,3.32,3.31,22924
15:40,ALJJ,1.56,1.59,1.59,1.61,1.59,1917
15:40,ALKS,36.16,37.75,37.21,37.33,36.19,1116971
15:40,ALLK,41.95,44.73,43.26,43.34,41.74,176342
15:40,ABTX,35.49,36.03,35.91,35.93,35.63,60619
15:40,ALGT,133.78,137.36,137.23,137.92,133.84,108075
15:40,ALGR,9.93,9.93,9.93,9.91,9.93,100
15:40,ALGRR,0.27,0.27,0.27,0.27,0.27,300
15:41,YI,6.71,7.35,7.26,7.15,6.965,9899
15:41,PIH,5.031,5.2,5.2,5.11,5.18,1402
15:41,PIHPP,24.5,24.5,24.5,25,24.5,1000
15:41,TURN,1.88,1.945,1.9,1.91,1.912,23912
15:41,FLWS,18.34,18.74,18.4,18.49,18.6,231230
15:41,BCOW,9.68,9.68,9.61,9.8,9.68,478
15:41,FCCY,18.26,18.375,18.36,18.31,18.31,3
15:41,SRCE,45.74,46.62,46.24,46.4,45.75,55844
15:41,VNET,7.32,7.77,7.71,7.72,7.37,407973
15:41,TWOU,64.29,67.41,67.41,67.67,66.65,1000666
15:41,QFIN,16.02,16.99,16.99,16.97,16.97,35082
15:41,TPNL,7.05,7.39,7.14,7.16,7.35,129522
15:41,JOBS,87.27,88.115,87.6,87.89,87.75,81559
15:41,JFKKU,10.06,10.06,10.06,10.04,10.06,10000
15:41,EGHT,20.42,20.785,20.46,20.51,20.685,284655
15:41,AAON,44.69,45.61,45.61,45.73,44.94,90189
15:41,ABEO,7.27,7.61,7.55,7.59,7.32,166378
15:41,ABEOW,,,3.55,3.55,3.07,62
15:41,ABIL,1.68,1.72,1.71,1.69,1.707,21995
15:41,ABMD,281.19,284.41,281.53,282.95,282.91,247277
15:41,AXAS,1.37,1.48,1.47,1.45,1.435,1005940
15:41,ACIU,4.86,5.05,5.05,5.02,4.89,158440
15:41,ACIA,57.72,58.89,57.87,57.93,58.04,407868
15:41,ACTG,3.16,3.28,3.25,3.29,3.17,40917
15:41,ACHC,29.921,30.61,30.31,30.4,29.98,451697
15:41,ACAD,26.59,27.395,26.99,27.07,26.82,647140
15:41,ACAMU,10.01,10.01,10,10.01,10.01,4300
15:41,ACST,0.92,0.96,0.96,0.971,0.9267,124768
15:41,AXDX,17.831,18.875,18.63,18.6,17.795,140511
15:41,XLRN,44.21,45.775,45.46,45.67,44.22,252243
15:41,ARAY,4.46,4.59,4.59,4.59,4.54,227982
15:41,ACRX,3.35,3.43,3.41,3.42,3.38,1278207
15:41,ACER,23.61,24.29,23.85,23.92,24.206,24313
15:41,ACET,0.133,0.165,0.159,0.1345,0.1345,6809167
15:41,AKAO,0.48,0.535,0.48,0.52,0.5295,1223744
15:41,ACHV,3.7,3.85,3.77,3.77,3.76,117891
15:41,ACHN,3.13,3.26,3.2,3.21,3.14,707925
15:41,ACIW,33.93,34.31,33.93,34.14,34.05,181787
15:41,ACRS,6.497,6.67,6.67,6.67,6.41,202664
15:41,ACMR,15.1,15.72,15.46,15.54,15.125,30074
15:41,ACNB,37.56,38.23,37.95,37.7,37.56,9067
15:41,ACOR,12.48,12.88,12.73,12.79,12.67,312980
15:41,ATVI,46.854,47.65,47.19,47.57,46.92,3121625
15:41,ADMS,6.64,6.96,6.79,6.81,6.67,338359
15:41,ADMP,1.98,2.02,2.02,2,1.99,215054
15:41,ADAP,4.68,4.99,4.99,4.97,4.63,153766
15:41,ADUS,64.41,66.96,65.38,65.51,65.48,51606
15:41,AEY,1.37,1.37,1.37,1.37,1.37,105
15:41,IOTS,6.17,6.38,6.29,6.31,6.205,40797
15:41,ADIL,2.91,3.023,2.99,2.98,2.93,34483
15:41,ADILW,0.4,0.4,0.4,0.4,0.4,3000
15:41,ADMA,5,5.19,5.1,5.14,5.07,395036
15:41,ADBE,266.8,269.99,267.12,268.81,269,1191536
15:41,ADOM,0.3601,0.4,0.4,0.335,0.3759,508475
15:41,ADTN,14.1,14.64,14.15,14.19,14.275,408941
15:41,ADRO,3.93,4.1,4.07,4.08,3.915,98214
15:41,ADES,12.01,12.34,12.09,12.06,12.19,118757
15:41,AEIS,53.65,55.06,54.47,54.64,54.16,379374
15:41,AMD,27.19,28.38,28.23,28.53,27.3,68846438
15:41,ADXS,3.83,3.95,3.93,3.95,3.83,247875
15:41,ADVM,5.3,5.58,5.48,5.49,5.31,84460
15:41,DWMC,21.77,22.142,21.77,22.02,22.12,557
15:41,DWSH,23.69,24.05,23.69,23.55,23.98,6187
15:41,BKCH,26.35,26.52,26.46,26.2,26.52,61094
15:41,ACT,25.145,25.25,25.19,25.26,25.15,1771
15:41,AEGN,18.27,18.94,18.75,18.84,18.26,87165
15:41,AGLE,7.837,8.171,8.11,8.09,7.805,180967
15:41,AEHR,1.73,1.79,1.74,1.76,1.779,101018
15:41,AMTX,0.8543,0.95,0.8543,0.8551,0.9,30362
15:41,AERI,44.71,46.28,46.17,46.25,44.82,493542
15:41,AVAV,66.03,67.8,67.8,67.93,66.12,163294
15:41,ARPO,0.981,1.04,1.03,1.03,0.9926,235294
15:41,AEZS,5.11,5.43,5.4,5.4,5.22,209180
15:41,AEMD,0.852,0.875,0.852,0.85,0.87,25787
15:41,GNMX,0.192,0.229,0.22,0.229,0.2089,2733708
15:41,AFMD,4.01,4.16,4.05,4.03,4.14,1027277
15:41,AGEN,2.83,2.93,2.93,2.91,2.85,880191
15:41,AGRX,1.33,1.503,1.49,1.49,1.48,443686
15:41,AGYS,19.42,20.18,19.67,19.77,19.44,36687
15:41,AGIO,65.37,66.53,65.97,66.3,65.26,177973
15:41,AGMH,20,20.1,19.42,20.28,20,506
15:41,AGNC,18.085,18.18,18.13,18.15,18.115,2266883
15:41,AGNCB,25.18,25.23,25.21,25.22,25.23,17073
15:41,AGNCM,25.1,25.2,25.16,25.15,25.19,70238
15:41,AGNCN,25.75,25.88,25.85,25.81,25.76,17613
15:41,AGFS,3.29,3.39,3.35,3.34,3.32,52745
15:41,AGFSW,0.051,0.1,0.051,0.06,0.1,10
15:41,ALRN,1.63,1.8,1.75,1.75,1.712,106938
15:41,AIMT,22.12,22.94,22.59,22.73,22.645,923558
15:41,AIRT,28.104,28.243,28.01,28.14,28.104,1417
15:41,ATSG,22.48,22.74,22.72,22.79,22.56,101288
15:41,AIRG,13.096,13.93,13.25,13.25,13.93,118132
15:41,AMCN,0.44,0.47,0.463,0.4531,0.4551,23106
15:41,AKAM,74.103,74.6,74.16,74.47,74.57,570751
15:41,AKTX,3.31,3.57,3.45,3.45,3.37,195681
15:41,AKCA,30.54,31.575,31.42,31.55,30.59,99505
15:41,AKBA,7.39,7.8,7.59,7.6,7.505,1122364
15:41,AKER,0.88,0.9099,0.9,0.895,0.887,274004
15:41,AKRX,3.32,3.43,3.4,3.41,3.345,1001954
15:41,AKTS,6.226,6.465,6.31,6.31,6.35,113900
15:41,ALRM,64.58,66.39,64.63,64.82,66.08,152828
15:41,ALSK,1.8,1.89,1.88,1.89,1.8,55138
15:41,ALAC,9.97,10,9.97,10,10,176
15:41,ALACR,0.19,0.19,0.1995,0.1995,0.19,1030
15:41,ALACU,10.17,10.17,10.2,10.2,10.17,1500
15:41,ALACW,0.0801,0.0801,0.0801,0.0801,0.0801,1000
15:41,ALBO,34.16,34.86,34.71,34.75,34.21,19231
15:41,ABDC,7.851,8,7.99,7.99,7.93,12965
15:41,ALDR,13.64,14.25,13.89,13.9,13.59,763469
15:41,ALDX,8.38,8.65,8.62,8.63,8.43,188259
15:41,ALEC,23.23,26.21,25.77,25.77,23.42,520291
15:41,ALXN,138.3,140.347,139.17,139.75,138.085,623002
15:41,ALCO,27.127,28.28,27.73,27.81,27.97,7789
15:41,ALGN,283.01,290,290,292.71,284.84,853132
15:41,ALIM,1.006,1.025,1.02,1.02,1.02,22040
15:41,ALYA,3.28,3.39,3.28,3.32,3.31,22924
15:41,ALJJ,1.56,1.59,1.59,1.61,1.59,1917
15:41,ALKS,36.11,37.75,37.21,37.33,36.19,1119976
15:41,ALLK,41.95,44.73,43.26,43.34,41.67,176931
15:41,ABTX,35.49,36.03,35.91,35.93,35.63,60619
15:41,ALGT,133.78,137.36,137.23,137.92,133.84,108075
15:41,ALGR,9.93,9.93,9.93,9.91,9.93,100
15:41,ALGRR,0.27,0.27,0.27,0.27,0.27,300
15:41,ALGRU,10.48,10.48,10.45,10.45,10.48,2300
15:41,ALGRW,0.298,0.298,0.298,0.3,0.298,100
15:41,ALNA,6.46,6.77,6.7,6.67,6.5,38432
15:41,ARLP,18.75,19.01,18.98,18.95,18.94,391001
15:41,LNT,46.2,46.47,46.37,46.36,46.39,436964
15:41,AHPI,1.72,1.85,1.79,1.77,1.72,2496
15:41,AMOT,35.17,36.47,36.19,36.35,35.51,66130
15:41,ALQA,2.76,2.87,2.86,2.9,2.83,13169
15:41,ALLO,26.71,27.81,27.5,27.48,27.28,334865
15:41,ALLT,7.73,7.82,7.73,7.77,7.78,27879
15:41,MDRX,9.5,9.78,9.6,9.6,9.76,2064013
15:41,ALNY,89.15,91.6,90.99,90.17,89.2,687993
15:41,AOSL,12.11,12.38,12.38,12.39,12.18,35757
15:41,GOOG,1193.08,1202.29,1196,1203.84,1197.475,587948
15:41,GOOGL,1198.38,1207.15,1201.89,1208.28,1202.785,714497
15:41,SMCP,23.73,23.885,24.11,24.11,23.756,4217
15:41,ATEC,2.51,2.76,2.65,2.63,2.58,105263
15:41,ALPN,7.5,7.75,7.7,7.75,7.7,7704
15:41,AMR,0.24,0.2848,0.2714,0.2601,0.2452,2877154
15:41,AMRWW,0.0203,0.0263,0.03,0.03,0.0203,17106
15:41,AABA,73.63,75.71,74.28,74.46,75.655,9230732
15:41,ALTR,36.59,37.09,36.77,37.07,36.68,89418
15:42,YI,6.71,7.35,7.26,7.15,6.965,9899
15:42,PIH,5.031,5.2,5.2,5.11,5.18,1402
15:42,PIHPP,24.5,24.5,24.5,25,24.5,1000
15:42,TURN,1.88,1.945,1.9,1.91,1.912,23912
15:42,FLWS,18.34,18.74,18.4,18.49,18.63,235127
15:42,BCOW,9.68,9.68,9.61,9.8,9.68,478
15:42,FCCY,18.26,18.375,18.36,18.31,18.31,3
15:42,SRCE,45.71,46.62,46.24,46.4,45.71,55844
15:42,VNET,7.32,7.77,7.71,7.72,7.37,409442
15:42,TWOU,64.29,67.41,67.41,67.67,66.59,1004884
15:42,QFIN,16.02,16.99,16.99,16.97,16.97,35082
15:42,TPNL,7.05,7.39,7.14,7.16,7.37,129522
15:42,JOBS,87.27,88.115,87.6,87.89,87.75,81559
15:42,JFKKU,10.06,10.06,10.06,10.04,10.06,10000
15:42,EGHT,20.42,20.785,20.46,20.51,20.69,287782
15:42,AAON,44.69,45.61,45.61,45.73,44.97,90522
15:42,ABEO,7.27,7.61,7.55,7.59,7.31,166979
15:42,ABEOW,,,3.55,3.55,3.07,62
15:42,ABIL,1.68,1.72,1.71,1.69,1.707,21995
15:42,ABMD,281.19,284.41,281.53,282.95,282.91,251124
15:42,AXAS,1.37,1.48,1.47,1.45,1.435,1005940
15:42,ACIU,4.86,5.05,5.05,5.02,4.89,158440
15:42,ACIA,57.72,58.89,57.87,57.93,58.04,408402
15:42,ACTG,3.16,3.28,3.25,3.29,3.17,40917
15:42,ACHC,29.921,30.61,30.31,30.4,29.98,451813
15:42,ACAD,26.59,27.395,26.99,27.07,26.82,647386
15:42,ACAMU,10.01,10.01,10,10.01,10.01,4300
15:42,ACST,0.92,0.96,0.96,0.971,0.9267,124772
15:42,AXDX,17.831,18.875,18.63,18.6,17.865,141585
15:42,XLRN,44.177,45.775,45.46,45.67,44.22,254422
15:42,ARAY,4.46,4.59,4.59,4.59,4.535,228772
15:42,ACRX,3.35,3.43,3.41,3.42,3.38,1288922
15:42,ACER,23.61,24.29,23.85,23.92,24.206,24313
15:42,ACET,0.133,0.165,0.159,0.1345,0.1345,6809167
15:42,AKAO,0.48,0.535,0.48,0.52,0.5295,1223744
15:42,ACHV,3.7,3.85,3.77,3.77,3.76,117891
15:42,ACHN,3.13,3.26,3.2,3.21,3.14,707925
15:42,ACIW,33.93,34.31,33.93,34.14,34.05,181911
15:42,ACRS,6.497,6.67,6.67,6.67,6.38,208180
15:42,ACMR,15.1,15.72,15.46,15.54,15.125,30074
15:42,ACNB,37.56,38.23,37.95,37.7,37.56,9067
15:42,ACOR,12.48,12.88,12.73,12.79,12.67,316278
15:42,ATVI,46.854,47.65,47.19,47.57,46.92,3129831
15:42,ADMS,6.64,6.96,6.79,6.81,6.67,339006
15:42,ADMP,1.98,2.02,2.02,2,1.999,215054
15:42,ADAP,4.68,4.99,4.99,4.97,4.645,156422
15:42,ADUS,64.41,66.96,65.38,65.51,65.48,51606
15:42,AEY,1.37,1.37,1.37,1.37,1.37,105
15:42,IOTS,6.17,6.38,6.29,6.31,6.22,41692
15:42,ADIL,2.91,3.023,2.99,2.98,2.92,34483
15:42,ADILW,0.4,0.4,0.4,0.4,0.4,3000
15:42,ADMA,5,5.19,5.1,5.14,5.07,396734
15:42,ADBE,266.8,269.99,267.12,268.81,269.05,1194997
15:42,ADOM,0.3601,0.4,0.4,0.335,0.3759,508475
15:42,ADTN,14.1,14.64,14.15,14.19,14.275,409126
15:42,ADRO,3.91,4.1,4.07,4.08,3.915,100144
15:42,ADES,12.01,12.34,12.09,12.06,12.19,119076
15:42,AEIS,53.65,55.06,54.47,54.64,54.14,380805
15:42,AMD,27.19,28.38,28.23,28.53,27.31,69004749
15:42,ADXS,3.83,3.95,3.93,3.95,3.83,247875
15:42,ADVM,5.3,5.58,5.48,5.49,5.31,86831
15:42,DWMC,21.77,22.142,21.77,22.02,22.12,557
15:42,DWSH,23.69,24.05,23.69,23.55,23.98,6187
15:42,BKCH,26.35,26.52,26.46,26.2,26.52,61094
15:42,ACT,25.145,25.25,25.19,25.26,25.15,1771
15:42,AEGN,18.27,18.94,18.75,18.84,18.26,87165
15:42,AGLE,7.837,8.171,8.11,8.09,7.805,183157
15:42,AEHR,1.73,1.79,1.74,1.76,1.771,101018
15:42,AMTX,0.8543,0.95,0.8543,0.8551,0.9,30362
15:42,AERI,44.71,46.28,46.17,46.25,44.82,493641
15:42,AVAV,66.03,67.8,67.8,67.93,66.12,163294
15:42,ARPO,0.981,1.04,1.03,1.03,0.9926,235294
15:42,AEZS,5.11,5.43,5.4,5.4,5.22,209180
15:42,AEMD,0.852,0.875,0.852,0.85,0.87,25787
15:42,GNMX,0.192,0.229,0.22,0.229,0.2089,2733708
15:42,AFMD,4.01,4.16,4.05,4.03,4.135,1028394
15:42,AGEN,2.83,2.93,2.93,2.91,2.85,880191
15:42,AGRX,1.33,1.503,1.49,1.49,1.47,443686
15:42,AGYS,19.42,20.18,19.67,19.77,19.44,36687
15:42,AGIO,65.26,66.53,65.97,66.3,65.26,177973
15:42,AGMH,20,20.1,19.42,20.28,20,506
15:42,AGNC,18.085,18.18,18.13,18.15,18.11,2313645
15:42,AGNCB,25.18,25.23,25.21,25.22,25.23,17073
15:42,AGNCM,25.1,25.2,25.16,25.15,25.19,70238
15:42,AGNCN,25.75,25.88,25.85,25.81,25.76,17613
15:42,AGFS,3.29,3.39,3.35,3.34,3.31,52877
15:42,AGFSW,0.051,0.1,0.051,0.06,0.1,10
15:42,ALRN,1.63,1.8,1.75,1.75,1.712,106938
15:42,AIMT,22.12,22.94,22.59,22.73,22.645,923727
15:42,AIRT,28.104,28.243,28.01,28.14,28.104,1417
15:42,ATSG,22.48,22.74,22.72,22.79,22.56,101288
15:42,AIRG,13.096,13.93,13.25,13.25,13.965,121186
15:42,AMCN,0.44,0.47,0.463,0.4531,0.4576,24106
15:42,AKAM,74.103,74.6,74.16,74.47,74.57,571876
15:42,AKTX,3.31,3.57,3.45,3.45,3.37,196681
15:42,AKCA,30.5,31.575,31.42,31.55,30.5,99505
15:42,AKBA,7.39,7.8,7.59,7.6,7.495,1125610
15:42,AKER,0.88,0.9099,0.9,0.895,0.887,274074
15:42,AKRX,3.32,3.43,3.4,3.41,3.335,1002581
15:42,AKTS,6.226,6.465,6.31,6.31,6.35,113900
15:42,ALRM,64.58,66.39,64.63,64.82,66.08,152828
15:42,ALSK,1.8,1.89,1.88,1.89,1.8,55138
15:42,ALAC,9.98,9.99,9.99,10,9.99,776
15:42,ALACR,0.19,0.19,0.1995,0.1995,0.19,1030
15:42,ALACU,10.17,10.17,10.2,10.2,10.17,1500
15:42,ALACW,0.0801,0.0801,0.0801,0.0801,0.0801,1000
15:42,ALBO,34.07,34.86,34.71,34.75,34.07,19231
15:42,ABDC,7.851,8,7.99,7.99,7.93,12965
15:42,ALDR,13.64,14.25,13.89,13.9,13.59,766313
15:42,ALDX,8.38,8.65,8.62,8.63,8.43,188259
15:42,ALEC,23.22,26.21,25.77,25.77,23.39,520798
15:42,ALXN,138.21,140.347,139.17,139.75,138.115,628172
15:42,ALCO,27.127,28.28,27.73,27.81,27.97,7789
15:42,ALGN,283.01,290,290,292.71,284.84,853132
15:42,ALIM,1.006,1.025,1.02,1.02,1.02,22040
15:42,ALYA,3.28,3.39,3.28,3.32,3.31,22934
15:42,ALJJ,1.56,1.59,1.59,1.61,1.59,1917
15:42,ALKS,36.09,37.75,37.21,37.33,36.155,1122031
15:42,ALLK,41.95,44.73,43.26,43.34,41.67,177370
15:42,ABTX,35.49,36.03,35.91,35.93,35.63,60619
15:42,ALGT,133.75,137.36,137.23,137.92,133.84,108075
15:42,ALGR,9.93,9.93,9.93,9.91,9.93,100
15:42,ALGRR,0.27,0.27,0.27,0.27,0.27,300
15:42,ALGRU,10.48,10.48,10.45,10.45,10.48,2300
15:42,ALGRW,0.298,0.298,0.298,0.3,0.298,100
15:42,ALNA,6.46,6.77,6.7,6.67,6.5,38432
15:42,ARLP,18.75,19.01,18.98,18.95,18.94,392657
15:42,LNT,46.2,46.47,46.37,46.36,46.39,438021
15:42,AHPI,1.72,1.85,1.79,1.77,1.72,2496
15:42,AMOT,35.17,36.47,36.19,36.35,35.3,66130
15:42,ALQA,2.76,2.87,2.86,2.9,2.83,13169
15:43,YI,6.71,7.35,7.26,7.15,6.965,9899
15:43,PIH,5.031,5.2,5.2,5.11,5.18,1402
15:43,PIHPP,24.5,24.5,24.5,25,24.5,1000
15:43,TURN,1.88,1.945,1.9,1.91,1.912,23912
15:43,FLWS,18.34,18.74,18.4,18.49,18.63,237533
15:43,BCOW,9.68,9.68,9.61,9.8,9.68,478
15:43,FCCY,18.26,18.375,18.36,18.31,18.31,3
15:43,SRCE,45.67,46.62,46.24,46.4,45.67,55844
15:43,VNET,7.32,7.77,7.71,7.72,7.37,409643
15:43,TWOU,64.29,67.41,67.41,67.67,66.58,1008122
15:43,QFIN,16.02,16.99,16.99,16.97,16.96,35082
15:43,TPNL,7.05,7.39,7.14,7.16,7.38,129522
15:43,JOBS,87.27,88.115,87.6,87.89,87.75,82118
15:43,JFKKU,10.06,10.06,10.06,10.04,10.06,10000
15:43,EGHT,20.42,20.785,20.46,20.51,20.69,288009
15:43,AAON,44.69,45.61,45.61,45.73,44.965,90985
15:43,ABEO,7.27,7.61,7.55,7.59,7.31,167671
15:43,ABEOW,,,3.55,3.55,3.07,62
15:43,ABIL,1.68,1.72,1.71,1.69,1.707,21995
15:43,ABMD,281.19,284.41,281.53,282.95,282.91,252762
15:43,AXAS,1.37,1.48,1.47,1.45,1.435,1005940
15:43,ACIU,4.86,5.05,5.05,5.02,4.855,163043
15:43,ACIA,57.72,58.89,57.87,57.93,58.04,408402
15:43,ACTG,3.16,3.28,3.25,3.29,3.17,40917
15:43,ACHC,29.921,30.61,30.31,30.4,29.98,452238
15:43,ACAD,26.59,27.395,26.99,27.07,26.82,651012
15:43,ACAMU,10.01,10.01,10,10.01,10.01,4300
15:43,ACST,0.92,0.96,0.96,0.971,0.9255,124872
